{"cameraMode":{"drawMode":0,"name":"Shaded","section":"Shading Mode"},"sceneLighting":true,"audioPlay":false,"sceneViewState":{"m_AlwaysRefresh":false,"showFog":true,"showSkybox":true,"showFlares":true,"showImageEffects":true,"showParticleSystems":true,"showVisualEffectGraphs":true,"m_FxEnabled":true},"in2DMode":false,"pivot":{"x":-117.3544692993164,"y":-18.160490036010743,"z":-37.10061264038086},"rotation":{"x":0.010930575430393219,"y":0.9757347106933594,"z":-0.21288104355335236,"w":0.05010037124156952},"size":35.664520263671878,"orthographic":false}